Target ID	Gene Name	Measure Names	Qval Color	Number of target	Measure Values
ENSMUST00000000090	Cox5a	Apical Bias	Red	598	0.254248747
ENSMUST00000000312	Cdh1	Apical Bias	Red	598	1.540902505
ENSMUST00000000756	Rpl13	Apical Bias	Red	598	-1.208072715
ENSMUST00000001611	Nom1	Apical Bias	Red	598	-1.234211736
ENSMUST00000001963	Ace	Apical Bias	Red	598	1.656755764
ENSMUST00000002091	Bcap31	Apical Bias	Red	598	0.804236110
ENSMUST00000002303	Rhoc	Apical Bias	Red	598	0.484860403
ENSMUST00000002818	Ykt6	Apical Bias	Red	598	0.406510959
ENSMUST00000003512	Fcgrt	Apical Bias	Red	598	0.646726569
ENSMUST00000004381	Lpcat3	Apical Bias	Red	598	0.903821077
ENSMUST00000004505	Npc1l1	Apical Bias	Red	598	1.314076375
ENSMUST00000004508	Tmed4	Apical Bias	Red	598	0.725827531
ENSMUST00000005406	App	Apical Bias	Red	598	0.939984723
ENSMUST00000006094	Cyp2d26	Apical Bias	Red	598	0.694474132
ENSMUST00000006235	Ctsb	Apical Bias	Red	598	0.695397675
ENSMUST00000006496	Rps9	Apical Bias	Red	598	-0.708534497
ENSMUST00000006914	B4galnt1	Apical Bias	Red	598	0.508563921
ENSMUST00000007207	Clcn2	Apical Bias	Red	598	0.639625561
ENSMUST00000008036	Rplp1	Apical Bias	Red	598	-0.441713452
ENSMUST00000008684	Mgst1	Apical Bias	Red	598	0.784431797
ENSMUST00000011178	Slc5a1	Apical Bias	Red	598	0.684128026
ENSMUST00000011492	Acad9	Apical Bias	Red	598	-0.990617502
ENSMUST00000014892	Tex261	Apical Bias	Red	598	0.762394107
ENSMUST00000015011	Surf4	Apical Bias	Red	598	0.675612343
ENSMUST00000015017	Surf2	Apical Bias	Red	598	0.937416412
ENSMUST00000015858	Cers2	Apical Bias	Red	598	0.572791199
ENSMUST00000015877	Capza2	Apical Bias	Red	598	0.449755687
ENSMUST00000016144	Plpp1	Apical Bias	Red	598	0.596886873
ENSMUST00000016400	Ctsz	Apical Bias	Red	598	0.530072488
ENSMUST00000016678	Lamp2	Apical Bias	Red	598	1.061771342
ENSMUST00000017851	Serinc3	Apical Bias	Red	598	0.508827537
ENSMUST00000018186	Cyb5r3	Apical Bias	Red	598	-1.536201557
ENSMUST00000018315	Vmp1	Apical Bias	Red	598	0.515308050
ENSMUST00000018713	Cldn7	Apical Bias	Red	598	1.055392520
ENSMUST00000019063	Tm4sf5	Apical Bias	Red	598	0.510036743
ENSMUST00000019276	BC005537	Apical Bias	Red	598	0.358015499
ENSMUST00000019422	Dpep1	Apical Bias	Red	598	0.840428087
ENSMUST00000019913	Frk	Apical Bias	Red	598	0.870661071
ENSMUST00000019998	Perp	Apical Bias	Red	598	0.468810641
ENSMUST00000020022	Smpdl3a	Apical Bias	Red	598	0.825509750
ENSMUST00000020107	Atp2b1	Apical Bias	Red	598	1.061521601
ENSMUST00000020169	Enpp3	Apical Bias	Red	598	0.770440489
ENSMUST00000020484	Txnrd1	Apical Bias	Red	598	0.362398083
ENSMUST00000020637	Canx	Apical Bias	Red	598	0.380293709
ENSMUST00000020653	Sar1b	Apical Bias	Red	598	0.685856059
ENSMUST00000020710	Tcn2	Apical Bias	Red	598	0.992546129
ENSMUST00000021077	Slc9a3r1	Apical Bias	Red	598	0.304314299
ENSMUST00000021375	Sec23a	Apical Bias	Red	598	0.533927352
ENSMUST00000021691	Degs2	Apical Bias	Red	598	0.723131768
ENSMUST00000021930	Sfxn1	Apical Bias	Red	598	0.425761400
ENSMUST00000021940	Lman2	Apical Bias	Red	598	1.223594460
ENSMUST00000022269	Oit1	Apical Bias	Red	598	0.524947557
ENSMUST00000022529	Tkt	Apical Bias	Red	598	0.390752395
ENSMUST00000022663	Tnfrsf10b	Apical Bias	Red	598	-0.814944674
ENSMUST00000022704	Itm2b	Apical Bias	Red	598	0.393327858
ENSMUST00000022787	Slc7a8	Apical Bias	Red	598	1.400649009
ENSMUST00000022875	Ank	Apical Bias	Red	598	0.956531707
ENSMUST00000022927	Rad21	Apical Bias	Red	598	-0.635529990
ENSMUST00000023119	Vdr	Apical Bias	Red	598	0.684130474
ENSMUST00000023203	Gpt	Apical Bias	Red	598	0.390578820
ENSMUST00000023334	Pvrl3	Apical Bias	Red	598	1.616662258
ENSMUST00000023520	Muc13	Apical Bias	Red	598	0.800954826
ENSMUST00000023566	Tmprss15	Apical Bias	Red	598	1.763791465
ENSMUST00000023691	Il10rb	Apical Bias	Red	598	1.156539532
ENSMUST00000023749	Tmbim6	Apical Bias	Red	598	0.601085375
ENSMUST00000023760	Gpd1	Apical Bias	Red	598	0.316214355
ENSMUST00000023761	Cox14	Apical Bias	Red	598	0.631769587
ENSMUST00000023806	Soat2	Apical Bias	Red	598	0.426994359
ENSMUST00000023952	Krt8	Apical Bias	Red	598	0.331796709
ENSMUST00000024004	Ccl25	Apical Bias	Red	598	0.460145267
ENSMUST00000024866	Xdh	Apical Bias	Red	598	0.327225988
ENSMUST00000024963	Mcfd2	Apical Bias	Red	598	0.952827353
ENSMUST00000025083	Kif5b	Apical Bias	Red	598	-0.789470065
ENSMUST00000025161	Tapbp	Apical Bias	Red	598	0.791387530
ENSMUST00000025312	H2-T3	Apical Bias	Red	598	0.789100363
ENSMUST00000025381	Spink1	Apical Bias	Red	598	0.408118408
ENSMUST00000025482	Atp8b1	Apical Bias	Red	598	1.394058368
ENSMUST00000025546	Cndp2	Apical Bias	Red	598	0.359544204
ENSMUST00000025636	Ms4a8a	Apical Bias	Red	598	0.511998006
ENSMUST00000025659	Zfand5	Apical Bias	Red	598	0.646729703
ENSMUST00000025667	Rtn3	Apical Bias	Red	598	0.676884097
ENSMUST00000025827	Minpp1	Apical Bias	Red	598	0.749158061
ENSMUST00000025833	Papss2	Apical Bias	Red	598	0.321027044
ENSMUST00000025966	Cyp2c55	Apical Bias	Red	598	1.000251066
ENSMUST00000026122	P4hb	Apical Bias	Red	598	1.019659621
ENSMUST00000026196	Got1	Apical Bias	Red	598	0.628684789
ENSMUST00000026208	Abcc2	Apical Bias	Red	598	0.822936171
ENSMUST00000026407	Cd63	Apical Bias	Red	598	0.472075097
ENSMUST00000026446	Cnpy2	Apical Bias	Red	598	0.589007784
ENSMUST00000026540	Prap1	Apical Bias	Red	598	0.409413809
ENSMUST00000026602	2010106E10Rik	Apical Bias	Red	598	0.851136013
ENSMUST00000026624	Tm9sf2	Apical Bias	Red	598	1.277211460
ENSMUST00000027068	Tram1	Apical Bias	Red	598	0.724073294
ENSMUST00000027137	Slc40a1	Apical Bias	Red	598	0.699293676
ENSMUST00000027193	Ndufb3	Apical Bias	Red	598	-0.641170650
ENSMUST00000027231	Slc9a2	Apical Bias	Red	598	0.984296213
ENSMUST00000027343	Ogfrl1	Apical Bias	Red	598	-0.861819858
ENSMUST00000027366	Vil1	Apical Bias	Red	598	0.301058614
ENSMUST00000027580	Slc35f5	Apical Bias	Red	598	0.649898229
ENSMUST00000027675	Pigr	Apical Bias	Red	598	-1.162160325
ENSMUST00000027863	Atp1b1	Apical Bias	Red	598	1.108054752
ENSMUST00000028426	Cers6	Apical Bias	Red	598	1.031461630
ENSMUST00000028610	Cat	Apical Bias	Red	598	0.550685016
ENSMUST00000028683	Pdia3	Apical Bias	Red	598	0.622261080
ENSMUST00000028815	Slc23a2	Apical Bias	Red	598	0.590665129
ENSMUST00000028844	Sppl2a	Apical Bias	Red	598	1.020009891
ENSMUST00000028856	Mall	Apical Bias	Red	598	0.780335071
ENSMUST00000029240	Slc2a2	Apical Bias	Red	598	1.156262915
ENSMUST00000029367	Bche	Apical Bias	Red	598	1.225723109
ENSMUST00000029414	Ssr3	Apical Bias	Red	598	0.416851142
ENSMUST00000029445	Nras	Apical Bias	Red	598	0.458036353
ENSMUST00000029569	Slc35a3	Apical Bias	Red	598	1.266352853
ENSMUST00000029658	Enpep	Apical Bias	Red	598	1.512053676
ENSMUST00000029722	Rps3a1	Apical Bias	Red	598	-0.733617515
ENSMUST00000029805	Mttp	Apical Bias	Red	598	1.606197837
ENSMUST00000029871	Cdh17	Apical Bias	Red	598	1.379957990
ENSMUST00000029987	Aldob	Apical Bias	Red	598	0.240260198
ENSMUST00000030121	B4galt1	Apical Bias	Red	598	0.688017031
ENSMUST00000030164	Vcp	Apical Bias	Red	598	0.519426993
ENSMUST00000030709	Smpdl3b	Apical Bias	Red	598	0.766983500
ENSMUST00000030826	Slc2a5	Apical Bias	Red	598	1.134656699
ENSMUST00000031051	Cgref1	Apical Bias	Red	598	0.587955058
ENSMUST00000031091	D5Ertd579e	Apical Bias	Red	598	0.646318937
ENSMUST00000031103	Ugdh	Apical Bias	Red	598	0.312812272
ENSMUST00000031181	Ugt2b34	Apical Bias	Red	598	1.034612010
ENSMUST00000031195	Ugt2a3	Apical Bias	Red	598	0.707327402
ENSMUST00000031251	Hsd17b11	Apical Bias	Red	598	0.747507952
ENSMUST00000031273	Cds1	Apical Bias	Red	598	0.600578272
ENSMUST00000031542	Oasl2	Apical Bias	Red	598	1.036757481
ENSMUST00000031713	Slc13a1	Apical Bias	Red	598	0.885929245
ENSMUST00000031741	Cyp3a13	Apical Bias	Red	598	0.932520353
ENSMUST00000031835	Aoc1	Apical Bias	Red	598	1.169539742
ENSMUST00000032073	Nat8	Apical Bias	Red	598	0.760254789
ENSMUST00000032143	Rpn1	Apical Bias	Red	598	1.161245710
ENSMUST00000032185	Slc6a6	Apical Bias	Red	598	0.673853742
ENSMUST00000032272	Adipor2	Apical Bias	Red	598	0.614438430
ENSMUST00000032489	Ltbr	Apical Bias	Red	598	0.768254382
ENSMUST00000032888	Arl6ip1	Apical Bias	Red	598	0.626863689
ENSMUST00000033001	Dgat2	Apical Bias	Red	598	0.713958657
ENSMUST00000033096	Nucb1	Apical Bias	Red	598	0.791798588
ENSMUST00000033169	Cdr2	Apical Bias	Red	598	1.233085591
ENSMUST00000033418	Il13ra1	Apical Bias	Red	598	0.985933988
ENSMUST00000033553	Heph	Apical Bias	Red	598	1.610190089
ENSMUST00000033824	Lamp1	Apical Bias	Red	598	0.794260427
ENSMUST00000033827	Grk1	Apical Bias	Red	598	-0.834066190
ENSMUST00000033873	Erlin2	Apical Bias	Red	598	0.900368636
ENSMUST00000033933	Saraf	Apical Bias	Red	598	0.649786126
ENSMUST00000033975	Ddhd2	Apical Bias	Red	598	0.522320808
ENSMUST00000034026	Hpgd	Apical Bias	Red	598	0.446579515
ENSMUST00000034140	Itfg1	Apical Bias	Red	598	0.896124072
ENSMUST00000034178	Ces1f	Apical Bias	Red	598	0.805117215
ENSMUST00000034260	B3gnt3	Apical Bias	Red	598	0.995356826
ENSMUST00000034369	Psmb10	Apical Bias	Red	598	0.468434305
ENSMUST00000034478	St14	Apical Bias	Red	598	0.752050974
ENSMUST00000034483	1700128F08Rik	Apical Bias	Red	598	-1.186667260
ENSMUST00000034508	Usp2	Apical Bias	Red	598	1.218469209
ENSMUST00000034537	St3gal4	Apical Bias	Red	598	0.476041616
ENSMUST00000034585	Apoa4	Apical Bias	Red	598	0.798039798
ENSMUST00000034588	Apoa1	Apical Bias	Red	598	0.577991940
ENSMUST00000034834	Pkm	Apical Bias	Red	598	0.404177502
ENSMUST00000034966	Rpl4	Apical Bias	Red	598	-0.529597540
ENSMUST00000035007	Cmtm6	Apical Bias	Red	598	0.434275937
ENSMUST00000035222	Slc25a20	Apical Bias	Red	598	0.561667645
ENSMUST00000035918	Cyp3a11	Apical Bias	Red	598	1.161862391
ENSMUST00000036172	Sgpp2	Apical Bias	Red	598	0.534736968
ENSMUST00000036493	Atp1a1	Apical Bias	Red	598	1.238802232
ENSMUST00000037145	Cdhr2	Apical Bias	Red	598	0.948771608
ENSMUST00000037315	Abhd2	Apical Bias	Red	598	0.681957678
ENSMUST00000037764	Dido1	Apical Bias	Red	598	0.869121105
ENSMUST00000037865	Atp6v0a2	Apical Bias	Red	598	0.738947010
ENSMUST00000038211	Slfn9	Apical Bias	Red	598	-1.287295636
ENSMUST00000038488	Sidt2	Apical Bias	Red	598	1.174913876
ENSMUST00000038627	Zfp91	Apical Bias	Red	598	-1.372159949
ENSMUST00000038791	Gde1	Apical Bias	Red	598	0.668594112
ENSMUST00000038863	Lars2	Apical Bias	Red	598	0.627344232
ENSMUST00000039048	1810055G02Rik	Apical Bias	Red	598	0.496861354
ENSMUST00000039309	Sectm1b	Apical Bias	Red	598	0.571799386
ENSMUST00000040153	Rorb	Apical Bias	Red	598	0.445512887
ENSMUST00000040344	Gns	Apical Bias	Red	598	0.937054538
ENSMUST00000040430	Vat1	Apical Bias	Red	598	0.571100992
ENSMUST00000040766	Tmed10	Apical Bias	Red	598	0.791778186
ENSMUST00000040865	Tmem98	Apical Bias	Red	598	0.608213879
ENSMUST00000040960	Slc6a20a	Apical Bias	Red	598	0.848462092
ENSMUST00000042042	Slc51a	Apical Bias	Red	598	1.013431816
ENSMUST00000042118	Foxq1	Apical Bias	Red	598	0.481699076
ENSMUST00000042345	Ctnna1	Apical Bias	Red	598	0.398790902
ENSMUST00000042561	Slc43a2	Apical Bias	Red	598	1.155793536
ENSMUST00000042975	Tmem30b	Apical Bias	Red	598	1.080505762
ENSMUST00000043150	Acsl5	Apical Bias	Red	598	0.897782257
ENSMUST00000043338	Sft2d2	Apical Bias	Red	598	0.648680732
ENSMUST00000043839	F11r	Apical Bias	Red	598	0.668345681
ENSMUST00000044426	Guca2b	Apical Bias	Red	598	0.454662346
ENSMUST00000044475	Ogt	Apical Bias	Red	598	-0.756771693
ENSMUST00000044687	Ifi27l2b	Apical Bias	Red	598	0.542105310
ENSMUST00000045562	Cox15	Apical Bias	Red	598	1.004560968
ENSMUST00000045779	Ttyh2	Apical Bias	Red	598	1.043314929
ENSMUST00000045791	Scamp2	Apical Bias	Red	598	1.042704076
ENSMUST00000045887	Cisd1	Apical Bias	Red	598	0.643885449
ENSMUST00000046122	Lap3	Apical Bias	Red	598	0.429179628
ENSMUST00000046587	Scamp5	Apical Bias	Red	598	0.720311839
ENSMUST00000046807	Slc16a9	Apical Bias	Red	598	1.092330704
ENSMUST00000047431	AU040320	Apical Bias	Red	598	1.223588291
ENSMUST00000047812	Dpp4	Apical Bias	Red	598	1.086382413
ENSMUST00000047898	Kdm2a	Apical Bias	Red	598	0.737252200
ENSMUST00000047973	Dhcr24	Apical Bias	Red	598	0.995477396
ENSMUST00000048050	Tmem45b	Apical Bias	Red	598	0.876470642
ENSMUST00000048209	Ldha	Apical Bias	Red	598	0.387880199
ENSMUST00000048615	Pnp	Apical Bias	Red	598	0.668005056
ENSMUST00000049074	Ptprf	Apical Bias	Red	598	1.620948247
ENSMUST00000049149	Lrp1	Apical Bias	Red	598	1.236661880
ENSMUST00000049150	Styk1	Apical Bias	Red	598	0.728263017
ENSMUST00000049642	Fahd1	Apical Bias	Red	598	0.526161353
ENSMUST00000049705	Zfp457	Apical Bias	Red	598	-1.060060498
ENSMUST00000049874	Agmo	Apical Bias	Red	598	1.064353290
ENSMUST00000050125	2900026A02Rik	Apical Bias	Red	598	0.654915048
ENSMUST00000051301	Pura	Apical Bias	Red	598	-0.810154508
ENSMUST00000051477	Cdc42	Apical Bias	Red	598	0.351661236
ENSMUST00000052725	Sc5d	Apical Bias	Red	598	0.825433300
ENSMUST00000053419	Lrrc19	Apical Bias	Red	598	0.665532875
ENSMUST00000053577	Epcam	Apical Bias	Red	598	0.770841823
ENSMUST00000053716	Clrn3	Apical Bias	Red	598	0.885865662
ENSMUST00000054014	Ddx17	Apical Bias	Red	598	-0.732153768
ENSMUST00000054174	Cyp4f14	Apical Bias	Red	598	0.838708826
ENSMUST00000054220	Rpl18a	Apical Bias	Red	598	-0.462449216
ENSMUST00000055719	BC025446	Apical Bias	Red	598	0.754728271
ENSMUST00000056089	Tmem37	Apical Bias	Red	598	0.684151154
ENSMUST00000056623	Tmem72	Apical Bias	Red	598	-1.048810400
ENSMUST00000057015	Slc4a7	Apical Bias	Red	598	1.474208871
ENSMUST00000057320	Tmc5	Apical Bias	Red	598	0.761913380
ENSMUST00000057557	Mcmbp	Apical Bias	Red	598	0.543009293
ENSMUST00000059037	Trim12c	Apical Bias	Red	598	-1.308386845
ENSMUST00000059138	Prr15	Apical Bias	Red	598	0.373452489
ENSMUST00000059449	Ces2b	Apical Bias	Red	598	-0.601219062
ENSMUST00000059787	Dsg2	Apical Bias	Red	598	0.937529228
ENSMUST00000060404	Tor1aip2	Apical Bias	Red	598	0.805501076
ENSMUST00000061093	Slc30a10	Apical Bias	Red	598	0.536641326
ENSMUST00000063040	Minos1	Apical Bias	Red	598	0.553199919
ENSMUST00000063918	Sp8	Apical Bias	Red	598	0.556168255
ENSMUST00000064231	Mogat2	Apical Bias	Red	598	0.592724983
ENSMUST00000066723	Lgals4	Apical Bias	Red	598	-0.488566219
ENSMUST00000067215	Arfgap3	Apical Bias	Red	598	0.794049528
ENSMUST00000067246	Slc30a5	Apical Bias	Red	598	0.791674643
ENSMUST00000067880	Adam10	Apical Bias	Red	598	1.077286608
ENSMUST00000068044	Slc39a14	Apical Bias	Red	598	0.575843908
ENSMUST00000068603	Iqgap2	Apical Bias	Red	598	-0.581976110
ENSMUST00000070080	B4galt6	Apical Bias	Red	598	0.318373101
ENSMUST00000070166	Gramd3	Apical Bias	Red	598	0.761529029
ENSMUST00000070524	Tgoln1	Apical Bias	Red	598	0.793962994
ENSMUST00000070597	Retsat	Apical Bias	Red	598	0.920949925
ENSMUST00000071219	Treh	Apical Bias	Red	598	1.080352904
ENSMUST00000071402	Elovl6	Apical Bias	Red	598	0.843618809
ENSMUST00000071874	Ano6	Apical Bias	Red	598	0.835726368
ENSMUST00000072061	Entpd5	Apical Bias	Red	598	1.116998565
ENSMUST00000072438	Cyp2b10	Apical Bias	Red	598	1.009234612
ENSMUST00000073339	Pgrmc1	Apical Bias	Red	598	0.699109487
ENSMUST00000073428	Slc39a4	Apical Bias	Red	598	0.893760602
ENSMUST00000073490	Lct	Apical Bias	Red	598	1.863466241
ENSMUST00000073787	Akr7a5	Apical Bias	Red	598	0.721663554
ENSMUST00000073973	Ace2	Apical Bias	Red	598	1.419069863
ENSMUST00000074651	Grk4	Apical Bias	Red	598	-0.901491830
ENSMUST00000075573	Gm10717	Apical Bias	Red	598	-1.272852948
ENSMUST00000076730	Gm1123	Apical Bias	Red	598	0.542394173
ENSMUST00000077517	Tmem236	Apical Bias	Red	598	0.485479283
ENSMUST00000078804	Rpl35a	Apical Bias	Red	598	-0.549608118
ENSMUST00000078939	Ccdc34	Apical Bias	Red	598	-1.569069012
ENSMUST00000079568	Gm10025	Apical Bias	Red	598	-0.977112162
ENSMUST00000079791	Pcyt1a	Apical Bias	Red	598	0.376747534
ENSMUST00000080065	Slc27a4	Apical Bias	Red	598	0.966450200
ENSMUST00000080654	Cdhr5	Apical Bias	Red	598	0.694449800
ENSMUST00000080726	Gm10040	Apical Bias	Red	598	-0.759673176
ENSMUST00000080975	Os9	Apical Bias	Red	598	0.733065662
ENSMUST00000081079	Entpd7	Apical Bias	Red	598	1.032061261
ENSMUST00000081435	H2-Q4	Apical Bias	Red	598	-0.769791233
ENSMUST00000081840	Rpl32	Apical Bias	Red	598	-0.683200599
ENSMUST00000082235	Mep1b	Apical Bias	Red	598	1.313509061
ENSMUST00000082407	mt-Atp8	Apical Bias	Red	598	0.583115277
ENSMUST00000082424	Sepp1	Apical Bias	Red	598	0.636093831
ENSMUST00000084124	Pgd	Apical Bias	Red	598	0.509035088
ENSMUST00000084526	Slc31a1	Apical Bias	Red	598	0.597414210
ENSMUST00000084820	Golga4	Apical Bias	Red	598	-0.958746200
ENSMUST00000085701	Tecpr1	Apical Bias	Red	598	0.426001970
ENSMUST00000086764	Rps12-ps3	Apical Bias	Red	598	-1.029395766
ENSMUST00000087236	Cyp2c65	Apical Bias	Red	598	0.769838171
ENSMUST00000087600	Gda	Apical Bias	Red	598	-0.828013648
ENSMUST00000088386	Slc15a1	Apical Bias	Red	598	1.031270811
ENSMUST00000090006	Itgb1	Apical Bias	Red	598	0.711132985
ENSMUST00000090195	Gm11027	Apical Bias	Red	598	-1.495110698
ENSMUST00000090227	March6	Apical Bias	Red	598	0.909680477
ENSMUST00000090300	Marf1	Apical Bias	Red	598	0.535692046
ENSMUST00000091355	Tpd52	Apical Bias	Red	598	0.379329027
ENSMUST00000091668	Serpinb1a	Apical Bias	Red	598	0.595887965
ENSMUST00000092566	Slc16a10	Apical Bias	Red	598	1.376727397
ENSMUST00000093490	Clcn3	Apical Bias	Red	598	1.082370461
ENSMUST00000093800	Pls1	Apical Bias	Red	598	0.350812983
ENSMUST00000094245	Cldn3	Apical Bias	Red	598	0.708776745
ENSMUST00000094695	Rmdn3	Apical Bias	Red	598	0.644711774
ENSMUST00000095062	Lmbrd1	Apical Bias	Red	598	0.535263621
ENSMUST00000095328	Cyp4v3	Apical Bias	Red	598	1.099527662
ENSMUST00000095550	Syndig1l	Apical Bias	Red	598	0.485556030
ENSMUST00000096119	Asah2	Apical Bias	Red	598	0.642839298
ENSMUST00000098324	Mc1r	Apical Bias	Red	598	0.592500250
ENSMUST00000098549	Clca4b	Apical Bias	Red	598	1.479567959
ENSMUST00000098666	Ceacam1	Apical Bias	Red	598	1.060844439
ENSMUST00000098768	AI593442	Apical Bias	Red	598	0.455015381
ENSMUST00000098874	Gm21750	Apical Bias	Red	598	-1.039983463
ENSMUST00000099042	Gm10717	Apical Bias	Red	598	-1.379839231
ENSMUST00000099046	Gm10718	Apical Bias	Red	598	-1.342564872
ENSMUST00000099047	Gm10719	Apical Bias	Red	598	-1.333399205
ENSMUST00000099049	Gm10719	Apical Bias	Red	598	-1.331516979
ENSMUST00000099050	Gm10720	Apical Bias	Red	598	-1.467997196
ENSMUST00000099056	Gm10717	Apical Bias	Red	598	-1.261354037
ENSMUST00000099459	Gm10780	Apical Bias	Red	598	-1.234737176
ENSMUST00000099472	Cyp2c68	Apical Bias	Red	598	0.842983075
ENSMUST00000099547	Fam8a1	Apical Bias	Red	598	0.659156606
ENSMUST00000099696	Cd82	Apical Bias	Red	598	0.535990097
ENSMUST00000099946	Net1	Apical Bias	Red	598	-2.007437889
ENSMUST00000100171	Hspa5	Apical Bias	Red	598	0.561988113
ENSMUST00000100497	Actb	Apical Bias	Red	598	0.263170446
ENSMUST00000101225	Psen1	Apical Bias	Red	598	0.901666037
ENSMUST00000101295	9930111J21Rik2	Apical Bias	Red	598	-1.193248230
ENSMUST00000102694	Ptgfrn	Apical Bias	Red	598	0.773435426
ENSMUST00000102874	Mdh1	Apical Bias	Red	598	0.348923489
ENSMUST00000102973	Aco1	Apical Bias	Red	598	0.565114706
ENSMUST00000102998	Nkain3	Apical Bias	Red	598	-1.310766163
ENSMUST00000103146	Rpl23	Apical Bias	Red	598	-0.945165038
ENSMUST00000103212	Ube4b	Apical Bias	Red	598	0.618606659
ENSMUST00000105322	Smim24	Apical Bias	Red	598	0.469122351
ENSMUST00000105381	Bsg	Apical Bias	Red	598	0.431822026
ENSMUST00000105608	Slc35e2	Apical Bias	Red	598	0.441886993
ENSMUST00000106543	Otop3	Apical Bias	Red	598	0.529055526
ENSMUST00000106545	Cyp4x1	Apical Bias	Red	598	-1.057716743
ENSMUST00000106588	Rps15a	Apical Bias	Red	598	-1.721568849
ENSMUST00000106888	Olfr613	Apical Bias	Red	598	-0.841086696
ENSMUST00000106899	Cxcr2	Apical Bias	Red	598	-1.247495607
ENSMUST00000107022	Hsd3b2	Apical Bias	Red	598	-1.423134410
ENSMUST00000107392	Anpep	Apical Bias	Red	598	1.509164848
ENSMUST00000107651	Slc44a1	Apical Bias	Red	598	0.891093871
ENSMUST00000107739	Itga3	Apical Bias	Red	598	0.983051884
ENSMUST00000108546	Zfp329	Apical Bias	Red	598	-0.512642219
ENSMUST00000108569	Vmn1r58	Apical Bias	Red	598	-0.822606587
ENSMUST00000108596	Cldn7	Apical Bias	Red	598	0.435434310
ENSMUST00000108826	Lypd8	Apical Bias	Red	598	0.558782078
ENSMUST00000109104	Maf	Apical Bias	Red	598	0.383241623
ENSMUST00000109177	Atp9a	Apical Bias	Red	598	1.256821858
ENSMUST00000109249	Sulf2	Apical Bias	Red	598	0.792432254
ENSMUST00000109260	Clint1	Apical Bias	Red	598	0.755281927
ENSMUST00000109410	Ces2e	Apical Bias	Red	598	1.057320635
ENSMUST00000109542	Gm17132	Apical Bias	Red	598	-1.230155973
ENSMUST00000109605	Atf4	Apical Bias	Red	598	-0.662105506
ENSMUST00000109867	Znrf3	Apical Bias	Red	598	0.426774944
ENSMUST00000110325	Tmem87b	Apical Bias	Red	598	0.657898450
ENSMUST00000110391	Cmah	Apical Bias	Red	598	-1.089096607
ENSMUST00000110731	Kdelr2	Apical Bias	Red	598	0.728983683
ENSMUST00000110855	Lpgat1	Apical Bias	Red	598	0.555590504
ENSMUST00000111820	Tmppe	Apical Bias	Red	598	-0.456336602
ENSMUST00000111994	Ncoa4	Apical Bias	Red	598	0.916856765
ENSMUST00000112172	Tmsb4x	Apical Bias	Red	598	-1.685383013
ENSMUST00000112533	Ly75	Apical Bias	Red	598	0.987432473
ENSMUST00000112606	Dpp10	Apical Bias	Red	598	-1.172759680
ENSMUST00000112707	Lrrc8b	Apical Bias	Red	598	0.883878475
ENSMUST00000113027	Rnf128	Apical Bias	Red	598	0.684225695
ENSMUST00000113139	Ugt1a8	Apical Bias	Red	598	1.297626847
ENSMUST00000113270	Alpi	Apical Bias	Red	598	0.954787487
ENSMUST00000113402	Gm7609	Apical Bias	Red	598	-0.936669593
ENSMUST00000113742	Gm11127	Apical Bias	Red	598	0.870117370
ENSMUST00000114313	Cflar	Apical Bias	Red	598	-0.473025299
ENSMUST00000114988	Fam234a	Apical Bias	Red	598	0.928566834
ENSMUST00000115821	Gm10563	Apical Bias	Red	598	-1.049066068
ENSMUST00000117085	Abhd17c	Apical Bias	Red	598	0.477302537
ENSMUST00000117205	Gm13423	Apical Bias	Red	598	0.474701974
ENSMUST00000117422	Creb3l3	Apical Bias	Red	598	0.592287743
ENSMUST00000117964	Gm13722	Apical Bias	Red	598	-0.911208375
ENSMUST00000118155	Sumo2	Apical Bias	Red	598	-0.506070910
ENSMUST00000118487	Fam234a	Apical Bias	Red	598	1.316266828
ENSMUST00000118539	Cth	Apical Bias	Red	598	0.768606284
ENSMUST00000118969	Slc7a9	Apical Bias	Red	598	0.519218762
ENSMUST00000119880	Gm15807	Apical Bias	Red	598	-1.610355218
ENSMUST00000120690	Tmem30a	Apical Bias	Red	598	0.855326235
ENSMUST00000120764	Gm5742	Apical Bias	Red	598	0.543231051
ENSMUST00000121465	Fuca2	Apical Bias	Red	598	1.084656763
ENSMUST00000121552	Gm6480	Apical Bias	Red	598	-0.733971385
ENSMUST00000121772	Gm14735	Apical Bias	Red	598	-1.072694696
ENSMUST00000122113	Por	Apical Bias	Red	598	0.838919997
ENSMUST00000122379	Gm11434	Apical Bias	Red	598	0.655679545
ENSMUST00000123495	Haus8	Apical Bias	Red	598	-0.792690792
ENSMUST00000124114	Car9	Apical Bias	Red	598	0.705939382
ENSMUST00000124121	Adam22	Apical Bias	Red	598	0.584012575
ENSMUST00000124269	Nox4	Apical Bias	Red	598	-1.254081352
ENSMUST00000124659	Jup	Apical Bias	Red	598	0.468471238
ENSMUST00000125122	Zzef1	Apical Bias	Red	598	0.503148514
ENSMUST00000125550	Slc35c2	Apical Bias	Red	598	0.508842313
ENSMUST00000125835	Myo15b	Apical Bias	Red	598	0.690879878
ENSMUST00000126787	Itga6	Apical Bias	Red	598	0.823671615
ENSMUST00000126846	Abcb1a	Apical Bias	Red	598	1.466384698
ENSMUST00000127253	Mrpl48	Apical Bias	Red	598	-0.954670050
ENSMUST00000128064	Ndufb2	Apical Bias	Red	598	-0.980669365
ENSMUST00000128597	Tmem8	Apical Bias	Red	598	0.609413208
ENSMUST00000129751	Akr1c19	Apical Bias	Red	598	0.558937433
ENSMUST00000130229	Acox1	Apical Bias	Red	598	0.378122387
ENSMUST00000130441	Prdm11	Apical Bias	Red	598	-1.042694130
ENSMUST00000131193	Slc35b1	Apical Bias	Red	598	0.799869675
ENSMUST00000131312	Swt1	Apical Bias	Red	598	-1.170102238
ENSMUST00000131367	4930529C04Rik	Apical Bias	Red	598	0.583478922
ENSMUST00000131940	Agpat2	Apical Bias	Red	598	0.449132695
ENSMUST00000132720	Psmc2	Apical Bias	Red	598	-1.352985482
ENSMUST00000132994	Caps2	Apical Bias	Red	598	-1.179805566
ENSMUST00000134116	Apoc2	Apical Bias	Red	598	0.775120057
ENSMUST00000134663	Myo7b	Apical Bias	Red	598	0.750276688
ENSMUST00000135371	Cul4a	Apical Bias	Red	598	-1.005955264
ENSMUST00000135569	Cyp4b1	Apical Bias	Red	598	0.790105370
ENSMUST00000135909	Chd3	Apical Bias	Red	598	-0.589965723
ENSMUST00000136176	Ift80	Apical Bias	Red	598	-1.276463945
ENSMUST00000137287	Sympk	Apical Bias	Red	598	-0.487263615
ENSMUST00000137423	Rps8	Apical Bias	Red	598	-0.677524016
ENSMUST00000138101	Mdh2	Apical Bias	Red	598	0.244219742
ENSMUST00000138367	Prmt5	Apical Bias	Red	598	0.599641948
ENSMUST00000138484	Srsf2	Apical Bias	Red	598	0.370256867
ENSMUST00000138787	Tm4sf20	Apical Bias	Red	598	1.243556491
ENSMUST00000138827	Eif2a	Apical Bias	Red	598	-0.363164955
ENSMUST00000141235	Zbtb8os	Apical Bias	Red	598	-0.923803013
ENSMUST00000141384	Cep85	Apical Bias	Red	598	-0.484211725
ENSMUST00000142430	Sgip1	Apical Bias	Red	598	-0.590482344
ENSMUST00000142643	Rpl30	Apical Bias	Red	598	-0.799853927
ENSMUST00000143014	Plxnb2	Apical Bias	Red	598	0.757820124
ENSMUST00000143037	Armt1	Apical Bias	Red	598	-1.044054863
ENSMUST00000143074	Gm42669	Apical Bias	Red	598	-1.279512436
ENSMUST00000143083	Gm10721	Apical Bias	Red	598	-1.728426936
ENSMUST00000143178	Tmed7	Apical Bias	Red	598	0.644966916
ENSMUST00000144057	Mef2a	Apical Bias	Red	598	-1.025108351
ENSMUST00000144139	Zdhhc21	Apical Bias	Red	598	-0.881937060
ENSMUST00000144150	Abhd3	Apical Bias	Red	598	0.774135415
ENSMUST00000144375	Arpc1b	Apical Bias	Red	598	0.437782878
ENSMUST00000144529	Lgals3bp	Apical Bias	Red	598	1.450593961
ENSMUST00000144826	Noct	Apical Bias	Red	598	-0.679801038
ENSMUST00000145034	Tmc4	Apical Bias	Red	598	0.766594463
ENSMUST00000145062	Cyp3a25	Apical Bias	Red	598	0.620230207
ENSMUST00000145623	Cisd3	Apical Bias	Red	598	0.312887983
ENSMUST00000145943	Slc22a18	Apical Bias	Red	598	0.878670212
ENSMUST00000146108	Wdr31	Apical Bias	Red	598	-0.850146902
ENSMUST00000146409	Slc26a2	Apical Bias	Red	598	0.873161532
ENSMUST00000146494	Cyp2c66	Apical Bias	Red	598	0.815931754
ENSMUST00000146705	Speg	Apical Bias	Red	598	0.423416094
ENSMUST00000147575	Cpa6	Apical Bias	Red	598	-1.157332394
ENSMUST00000148005	Mmp12	Apical Bias	Red	598	-0.955972585
ENSMUST00000148619	Yars	Apical Bias	Red	598	-0.745162785
ENSMUST00000148750	Slc4a4	Apical Bias	Red	598	1.310887690
ENSMUST00000150946	Snf8	Apical Bias	Red	598	-0.772943660
ENSMUST00000151376	Gm10722	Apical Bias	Red	598	-1.554439469
ENSMUST00000152614	Pax8	Apical Bias	Red	598	0.313881703
ENSMUST00000153073	Rad51c	Apical Bias	Red	598	0.636740377
ENSMUST00000153128	Cnnm4	Apical Bias	Red	598	0.382801354
ENSMUST00000154837	Rsrp1	Apical Bias	Red	598	-0.357762461
ENSMUST00000154870	Recql	Apical Bias	Red	598	-1.187469478
ENSMUST00000155635	Hltf	Apical Bias	Red	598	0.349479080
ENSMUST00000155697	Slc25a45	Apical Bias	Red	598	0.907475055
ENSMUST00000155805	Rps16	Apical Bias	Red	598	-0.784146949
ENSMUST00000155807	Gm10715	Apical Bias	Red	598	-1.353161338
ENSMUST00000156108	Sema4a	Apical Bias	Red	598	1.072122405
ENSMUST00000156487	Ggt1	Apical Bias	Red	598	0.837108657
ENSMUST00000156641	Abhd12	Apical Bias	Red	598	0.801533603
ENSMUST00000156662	Gm766	Apical Bias	Red	598	0.298044642
ENSMUST00000159159	Adh1	Apical Bias	Red	598	0.388160705
ENSMUST00000159755	1700019G17Rik	Apical Bias	Red	598	0.539945740
ENSMUST00000160210	Pam	Apical Bias	Red	598	-0.776229239
ENSMUST00000160294	Dgat1	Apical Bias	Red	598	0.416587952
ENSMUST00000160318	Marc2	Apical Bias	Red	598	0.445621390
ENSMUST00000161169	Slc30a9	Apical Bias	Red	598	0.562856385
ENSMUST00000161359	Marc2	Apical Bias	Red	598	0.519288420
ENSMUST00000161624	Fgd4	Apical Bias	Red	598	-1.043185057
ENSMUST00000162342	Ap1s3	Apical Bias	Red	598	-0.706222172
ENSMUST00000162537	Mycbp2	Apical Bias	Red	598	-1.239973849
ENSMUST00000162970	Ces2c	Apical Bias	Red	598	1.012099676
ENSMUST00000163241	Gimd1	Apical Bias	Red	598	0.716930179
ENSMUST00000163694	Pkm	Apical Bias	Red	598	0.404177502
ENSMUST00000164042	Gm17555	Apical Bias	Red	598	-1.338832440
ENSMUST00000164182	Ces2a	Apical Bias	Red	598	0.995808185
ENSMUST00000164420	Gm17131	Apical Bias	Red	598	-1.325898215
ENSMUST00000165123	Csnk1a1	Apical Bias	Red	598	0.404698389
ENSMUST00000165220	Gm9742	Apical Bias	Red	598	-1.265626918
ENSMUST00000166105	Gm17615	Apical Bias	Red	598	-1.533907267
ENSMUST00000166620	P4hb	Apical Bias	Red	598	0.986749772
ENSMUST00000166737	Zfp488	Apical Bias	Red	598	-0.893785511
ENSMUST00000166860	Gpa33	Apical Bias	Red	598	1.264164003
ENSMUST00000166899	Gm21962	Apical Bias	Red	598	-1.332063321
ENSMUST00000167334	Sis	Apical Bias	Red	598	1.664078511
ENSMUST00000167348	Atp2b4	Apical Bias	Red	598	-0.939087381
ENSMUST00000167377	Iqgap1	Apical Bias	Red	598	0.508563357
ENSMUST00000167856	Myo18a	Apical Bias	Red	598	-1.078304306
ENSMUST00000168015	Mov10	Apical Bias	Red	598	0.833506081
ENSMUST00000169230	Slc44a4	Apical Bias	Red	598	1.094134793
ENSMUST00000170122	Rps27	Apical Bias	Red	598	-0.939944424
ENSMUST00000170135	Mrpl13	Apical Bias	Red	598	-0.732637693
ENSMUST00000170445	Sis	Apical Bias	Red	598	0.708562663
ENSMUST00000171239	Apob	Apical Bias	Red	598	1.659213972
ENSMUST00000171297	F830016B08Rik	Apical Bias	Red	598	-1.357184323
ENSMUST00000171321	Psmb9	Apical Bias	Red	598	-0.738839100
ENSMUST00000172785	H2-D1	Apical Bias	Red	598	0.659496848
ENSMUST00000172912	H2-K1	Apical Bias	Red	598	0.808150815
ENSMUST00000173115	H2-Q2	Apical Bias	Red	598	0.461001062
ENSMUST00000173117	Tmcc1	Apical Bias	Red	598	0.320059075
ENSMUST00000174043	Cyb5r4	Apical Bias	Red	598	-1.063065963
ENSMUST00000174479	Dtnb	Apical Bias	Red	598	-1.155661267
ENSMUST00000174778	Gm10499	Apical Bias	Red	598	-0.757508906
ENSMUST00000175849	Apobec3	Apical Bias	Red	598	-2.247072895
ENSMUST00000175877	Ctage5	Apical Bias	Red	598	1.138271160
ENSMUST00000176225	Pkib	Apical Bias	Red	598	-1.125610839
ENSMUST00000176733	Gm20678	Apical Bias	Red	598	-1.391996209
ENSMUST00000177203	Sik2	Apical Bias	Red	598	-1.340542950
ENSMUST00000177601	Gm10717	Apical Bias	Red	598	-1.232063420
ENSMUST00000177665	Gm21833	Apical Bias	Red	598	-0.971104553
ENSMUST00000177817	Gm21738	Apical Bias	Red	598	-1.305167197
ENSMUST00000177875	Gm10717	Apical Bias	Red	598	-1.711198559
ENSMUST00000177921	AC132444.6	Apical Bias	Red	598	-1.362338182
ENSMUST00000178077	Gm11168	Apical Bias	Red	598	-1.671086825
ENSMUST00000178114	Lipa	Apical Bias	Red	598	1.590271384
ENSMUST00000178312	Gm21897	Apical Bias	Red	598	-0.970967723
ENSMUST00000178343	PISD	Apical Bias	Red	598	-1.087150848
ENSMUST00000178348	Gm11168	Apical Bias	Red	598	-1.355548415
ENSMUST00000178641	Gm17535	Apical Bias	Red	598	-1.502784277
ENSMUST00000178685	Ankrd44	Apical Bias	Red	598	0.318508323
ENSMUST00000179264	Gm10717	Apical Bias	Red	598	-1.326653693
ENSMUST00000179272	Gm10719	Apical Bias	Red	598	-1.300740839
ENSMUST00000179802	Cmtm4	Apical Bias	Red	598	0.853602334
ENSMUST00000179881	Gm11168	Apical Bias	Red	598	-1.347538743
ENSMUST00000179982	Gm10717	Apical Bias	Red	598	-1.402380358
ENSMUST00000180726	E030030I06Rik	Apical Bias	Red	598	-1.055839536
ENSMUST00000180786	Slc46a1	Apical Bias	Red	598	0.975811545
ENSMUST00000181063	Gm11960	Apical Bias	Red	598	-0.641143420
ENSMUST00000181173	Gm3839	Apical Bias	Red	598	-0.855507498
ENSMUST00000181969	Ndfip2	Apical Bias	Red	598	0.585562521
ENSMUST00000183059	Mcmdc2	Apical Bias	Red	598	-1.052291086
ENSMUST00000184461	Vps50	Apical Bias	Red	598	-0.981351733
ENSMUST00000185176	Lzts1	Apical Bias	Red	598	0.645459803
ENSMUST00000185367	Glrx2	Apical Bias	Red	598	-1.045331289
ENSMUST00000185709	9430016H08Rik	Apical Bias	Red	598	-1.097966529
ENSMUST00000186404	Pikfyve	Apical Bias	Red	598	-1.053286498
ENSMUST00000186941	Gm28356	Apical Bias	Red	598	-0.883164714
ENSMUST00000188039	Mrgprc2-ps	Apical Bias	Red	598	-0.913585488
ENSMUST00000188101	Gin1	Apical Bias	Red	598	-1.085729724
ENSMUST00000188524	Eef1b2	Apical Bias	Red	598	-0.568511078
ENSMUST00000189201	Gm21244	Apical Bias	Red	598	-0.684126558
ENSMUST00000189430	Gm28362	Apical Bias	Red	598	-1.282203681
ENSMUST00000189465	Gdap1	Apical Bias	Red	598	0.398218229
ENSMUST00000189503	Ndufa10	Apical Bias	Red	598	0.501542380
ENSMUST00000189597	Cdc73	Apical Bias	Red	598	-0.923460687
ENSMUST00000190945	Pign	Apical Bias	Red	598	-1.251705519
ENSMUST00000191404	Slc26a6	Apical Bias	Red	598	1.221231681
ENSMUST00000192710	Nme7	Apical Bias	Red	598	0.926725855
ENSMUST00000193031	Glrb	Apical Bias	Red	598	-1.280448424
ENSMUST00000193321	Gm37515	Apical Bias	Red	598	-1.140116355
ENSMUST00000193355	Traf5	Apical Bias	Red	598	-1.164295595
ENSMUST00000193603	Nlgn1	Apical Bias	Red	598	0.611598665
ENSMUST00000194134	Mme	Apical Bias	Red	598	0.988220944
ENSMUST00000194917	Mfsd7b	Apical Bias	Red	598	0.859626491
ENSMUST00000194953	Ppp2r5a	Apical Bias	Red	598	-0.922693670
ENSMUST00000195575	Car3	Apical Bias	Red	598	0.588272815
ENSMUST00000195740	Gm37102	Apical Bias	Red	598	-1.251317458
ENSMUST00000196194	Zfp697	Apical Bias	Red	598	-1.312964703
ENSMUST00000196320	Gm43540	Apical Bias	Red	598	-1.276338250
ENSMUST00000196350	Akap9	Apical Bias	Red	598	-0.644984899
ENSMUST00000196729	Map4	Apical Bias	Red	598	-1.019501057
ENSMUST00000197072	Pacrgl	Apical Bias	Red	598	-1.298097762
ENSMUST00000197319	Gm42718	Apical Bias	Red	598	-1.086560540
ENSMUST00000197344	Acad9	Apical Bias	Red	598	-0.860198468
ENSMUST00000197383	Abcd3	Apical Bias	Red	598	0.586257209
ENSMUST00000197459	Gbp5	Apical Bias	Red	598	-1.267557388
ENSMUST00000198068	Usp29	Apical Bias	Red	598	-1.240942109
ENSMUST00000198651	Sycp1	Apical Bias	Red	598	-1.392052442
ENSMUST00000199141	Cenpc1	Apical Bias	Red	598	-1.313053149
ENSMUST00000199397	Fam73a	Apical Bias	Red	598	-0.630525156
ENSMUST00000199420	Csde1	Apical Bias	Red	598	-0.504579666
ENSMUST00000199708	Grin2a	Apical Bias	Red	598	0.462174477
ENSMUST00000200004	Krit1	Apical Bias	Red	598	-1.411495943
ENSMUST00000200624	Gm42927	Apical Bias	Red	598	-1.084519113
ENSMUST00000200823	Gm42857	Apical Bias	Red	598	-0.885844832
ENSMUST00000201833	Slc26a6	Apical Bias	Red	598	1.221231681
ENSMUST00000202002	Gm43498	Apical Bias	Red	598	-1.085883343
ENSMUST00000202115	Ahcyl2	Apical Bias	Red	598	0.488219662
ENSMUST00000202316	Gm42785	Apical Bias	Red	598	-1.177524664
ENSMUST00000202619	AC182748.2	Apical Bias	Red	598	-1.476228085
ENSMUST00000202693	Brca2	Apical Bias	Red	598	-1.042030341
ENSMUST00000203652	Zyx	Apical Bias	Red	598	0.634015176
ENSMUST00000203657	Reg2	Apical Bias	Red	598	-1.243233236
ENSMUST00000203939	Gm8956	Apical Bias	Red	598	-1.021994124
ENSMUST00000204249	Gm43960	Apical Bias	Red	598	-0.685812575
ENSMUST00000204574	Tmcc1	Apical Bias	Red	598	-1.022118397
ENSMUST00000204601	Reg1	Apical Bias	Red	598	0.522541065
ENSMUST00000204807	Cdkn1b	Apical Bias	Red	598	1.465102859
ENSMUST00000204923	Rab43	Apical Bias	Red	598	0.809581418
ENSMUST00000204983	Iqsec1	Apical Bias	Red	598	0.396425481
ENSMUST00000206356	Gm5595	Apical Bias	Red	598	1.016499675
ENSMUST00000206656	RP23-403E18.2	Apical Bias	Red	598	0.502698037
ENSMUST00000206682	Anpep	Apical Bias	Red	598	1.236610799
ENSMUST00000207236	RP24-297G19.6	Apical Bias	Red	598	-1.179197330
ENSMUST00000207537	RP24-71O4.1	Apical Bias	Red	598	-1.223828297
ENSMUST00000208086	Aldh3a2	Apical Bias	Red	598	0.603528110
ENSMUST00000209049	RP24-291N22.1	Apical Bias	Red	598	-1.050389197
ENSMUST00000209167	Dmbt1	Apical Bias	Red	598	1.441956779
